Workbook

Sheet Lähetykset
A1: Lähetykset
A2: Syötä kuljetustarpeet. Tämä toimii optimointilogiikan lähtödatana.
A4: Lähetys | B4: Nouto | C4: Toimitus | D4: Lavapaikat | E4: Paino kg | F4: Lämpö min | G4: Lämpö max | H4: ADR? | I4: Deadline | J4: Pakollinen? | K4: Huomio
A5: A | B5: Vantaa | C5: Tampere | D5: 8 | E5: 2500 | F5: 2 | G5: 6 | H5: Ei | I5: 14:00 | J5: Kyllä | K5: Thermo +4
A6: B | B6: Vantaa | C6: Pori | D6: 10 | E6: 3200 | F6: 2 | G6: 6 | H6: Ei | I6: 16:00 | J6: Kyllä | K6: Thermo +4
A7: C | B7: Tampere | C7: Oulu | D7: 12 | E7: 5000 | H7: Ei | I7: 22:00 | J7: Ei | K7: Kuiva jatkoreitti
A8: D | B8: Vantaa | C8: Turku | D8: 6 | E8: 1800 | H8: Kyllä | I8: 15:00 | J8: Ei | K8: ADR-lisä

Sheet Reittivaihtoehdot
A1: Reittivaihtoehdot
A2: Syötä mahdolliset reitit ja niiden perustiedot.
A4: Vaihtoehto | B4: Reitti | C4: Km | D4: Ajoaika h | E4: Työaika h | F4: Tauko min | G4: Lavapaikat | H4: Max lavapaikat | I4: Kate % | J4: Riskipisteet | K4: Sisältää lähetykset | L4: Huomio
A5: R1 | B5: Vantaa → Tampere → Pori | C5: 290 | D5: 3.9 | E5: 5.4 | F5: 0 | G5: 18 | H5: 33 | I5: 0.18 | J5: 2 | K5: A,B | L5: Paras perusvaihtoehto
A6: R2 | B6: Vantaa → Pori → Tampere | C6: 330 | D6: 4.4 | E6: 5.9 | F6: 0 | G6: 18 | H6: 33 | I6: 0.15 | J6: 3 | K6: A,B | L6: Hieman pidempi
A7: R3 | B7: Vantaa → Tampere → Pori → Oulu | C7: 610 | D7: 8.1 | E7: 10.2 | F7: 45 | G7: 30 | H7: 33 | I7: 0.16 | J7: 5 | K7: A,B,C | L7: Pitkä mutta hyvä täyttö
A8: R4 | B8: Jaetaan kahteen autoon | C8: 410 | D8: 5.5 | E8: 7.5 | F8: 45 | G8: 18 | H8: 66 | I8: 0.1 | J8: 2 | K8: A,B | L8: Vähemmän riskiä, huono käyttöaste
A9: R5 | B9: Vantaa → Turku → Tampere → Pori | C9: 455 | D9: 6.1 | E9: 8.1 | F9: 45 | G9: 24 | H9: 33 | I9: 0.17 | J9: 4 | K9: A,B,D | L9: ADR mukana

Sheet Painotukset
A1: Painotukset
A2: Muuta optimoinnin painotuksia. Painojen summa tulisi olla 100 %.
A4: Tekijä | B4: Paino | C4: Selitys | D4: Minimi | E4: Maksimi
A5: Km-score | B5: 0.3 | C5: Lyhyempi reitti saa paremman pisteen | D5: 250 | E5: 700
A6: Ajoaika-score | B6: 0.2 | C6: Lyhyempi ajoaika saa paremman pisteen | D6: 3 | E6: 9
A7: Täyttöaste-score | B7: 0.25 | C7: Tavoite 85–95 % | D7: 0.7 | E7: 0.95
A8: Kate-score | B8: 0.15 | C8: Suurempi kate nostaa pistettä | D8: 0.1 | E8: 0.22
A9: Riski-score | B9: 0.1 | C9: Matalampi riski nostaa pistettä | D9: 0 | E9: 8
A10: Yhteensä | B10: =SUM(B5:B9) -> 1 | C10: Painojen summa

Sheet Optimointi
A1: AI-tyylinen optimointimoottori
A2: Pisteyttää reittivaihtoehdot painotusten mukaan ja valitsee parhaan.
A4: Vaihtoehto | B4: Reitti | C4: Km | D4: Ajoaika h | E4: Täyttöaste | F4: Kate % | G4: Riskipisteet | H4: Km-score | I4: Aika-score | J4: Täyttö-score | K4: Kate-score | L4: Riski-score | M4: Kokonaispiste | N4: Päätös
A5: =IF(Reittivaihtoehdot!A5="","",Reittivaihtoehdot!A5) -> R1 | B5: =IF(Reittivaihtoehdot!A5="","",Reittivaihtoehdot!B5) -> Vantaa → Tampere → Pori | C5: =IF(Reittivaihtoehdot!A5="","",Reittivaihtoehdot!C5) -> 290 | D5: =IF(Reittivaihtoehdot!A5="","",Reittivaihtoehdot!D5) -> 3.9 | E5: =IF(Reittivaihtoehdot!A5="","",IF(Reittivaihtoehdot!H5=0,0,Reittivaihtoehdot!G5/Reittivaihtoehdot!H5)) -> 0.54545455 | F5: =IF(Reittivaihtoehdot!A5="","",Reittivaihtoehdot!I5) -> 0.18 | G5: =IF(Reittivaihtoehdot!A5="","",Reittivaihtoehdot!J5) -> 2 | H5: =IF(A5="","",MAX(0,MIN(100,100*(1-(C5-Painotukset!D5)/(Painotukset!E5-Painotukset!D5))))) -> 91.111111 | I5: =IF(A5="","",MAX(0,MIN(100,100*(1-(D5-Painotukset!D6)/(Painotukset!E6-Painotukset!D6))))) -> 85 | J5: =IF(A5="","",MAX(0,MIN(100,IF(E5<=Painotukset!E7,100*(E5/Painotukset!E7),100*(1-(E5-Painotukset!E7)/(1-Painotukset!E7)))))) -> 57.416268 | K5: =IF(A5="","",MAX(0,MIN(100,100*((F5-Painotukset!D8)/(Painotukset!E8-Painotukset!D8))))) -> 66.666667 | L5: =IF(A5="","",MAX(0,MIN(100,100*(1-(G5-Painotukset!D9)/(Painotukset!E9-Painotukset!D9))))) -> 75 | M5: =IF(A5="","",H5*Painotukset!B5+I5*Painotukset!B6+J5*Painotukset!B7+K5*Painotukset!B8+L5*Painotukset!B9) -> 76.1874 | N5: =IF(A5="","",IF(M5=MAX($M$5:$M$14),"SUOSITUS","")) -> SUOSITUS
A6: =IF(Reittivaihtoehdot!A6="","",Reittivaihtoehdot!A6) -> R2 | B6: =IF(Reittivaihtoehdot!A6="","",Reittivaihtoehdot!B6) -> Vantaa → Pori → Tampere | C6: =IF(Reittivaihtoehdot!A6="","",Reittivaihtoehdot!C6) -> 330 | D6: =IF(Reittivaihtoehdot!A6="","",Reittivaihtoehdot!D6) -> 4.4 | E6: =IF(Reittivaihtoehdot!A6="","",IF(Reittivaihtoehdot!H6=0,0,Reittivaihtoehdot!G6/Reittivaihtoehdot!H6)) -> 0.54545455 | F6: =IF(Reittivaihtoehdot!A6="","",Reittivaihtoehdot!I6) -> 0.15 | G6: =IF(Reittivaihtoehdot!A6="","",Reittivaihtoehdot!J6) -> 3 | H6: =IF(A6="","",MAX(0,MIN(100,100*(1-(C6-Painotukset!D5)/(Painotukset!E5-Painotukset!D5))))) -> 82.222222 | I6: =IF(A6="","",MAX(0,MIN(100,100*(1-(D6-Painotukset!D6)/(Painotukset!E6-Painotukset!D6))))) -> 76.666667 | J6: =IF(A6="","",MAX(0,MIN(100,IF(E6<=Painotukset!E7,100*(E6/Painotukset!E7),100*(1-(E6-Painotukset!E7)/(1-Painotukset!E7)))))) -> 57.416268 | K6: =IF(A6="","",MAX(0,MIN(100,100*((F6-Painotukset!D8)/(Painotukset!E8-Painotukset!D8))))) -> 41.666667 | L6: =IF(A6="","",MAX(0,MIN(100,100*(1-(G6-Painotukset!D9)/(Painotukset!E9-Painotukset!D9))))) -> 62.5 | M6: =IF(A6="","",H6*Painotukset!B5+I6*Painotukset!B6+J6*Painotukset!B7+K6*Painotukset!B8+L6*Painotukset!B9) -> 66.854067 | N6: =IF(A6="","",IF(M6=MAX($M$5:$M$14),"SUOSITUS",""))
A7: =IF(Reittivaihtoehdot!A7="","",Reittivaihtoehdot!A7) -> R3 | B7: =IF(Reittivaihtoehdot!A7="","",Reittivaihtoehdot!B7) -> Vantaa → Tampere → Pori → Oulu | C7: =IF(Reittivaihtoehdot!A7="","",Reittivaihtoehdot!C7) -> 610 | D7: =IF(Reittivaihtoehdot!A7="","",Reittivaihtoehdot!D7) -> 8.1 | E7: =IF(Reittivaihtoehdot!A7="","",IF(Reittivaihtoehdot!H7=0,0,Reittivaihtoehdot!G7/Reittivaihtoehdot!H7)) -> 0.90909091 | F7: =IF(Reittivaihtoehdot!A7="","",Reittivaihtoehdot!I7) -> 0.16 | G7: =IF(Reittivaihtoehdot!A7="","",Reittivaihtoehdot!J7) -> 5 | H7: =IF(A7="","",MAX(0,MIN(100,100*(1-(C7-Painotukset!D5)/(Painotukset!E5-Painotukset!D5))))) -> 20 | I7: =IF(A7="","",MAX(0,MIN(100,100*(1-(D7-Painotukset!D6)/(Painotukset!E6-Painotukset!D6))))) -> 15 | J7: =IF(A7="","",MAX(0,MIN(100,IF(E7<=Painotukset!E7,100*(E7/Painotukset!E7),100*(1-(E7-Painotukset!E7)/(1-Painotukset!E7)))))) -> 95.69378 | K7: =IF(A7="","",MAX(0,MIN(100,100*((F7-Painotukset!D8)/(Painotukset!E8-Painotukset!D8))))) -> 50 | L7: =IF(A7="","",MAX(0,MIN(100,100*(1-(G7-Painotukset!D9)/(Painotukset!E9-Painotukset!D9))))) -> 37.5 | M7: =IF(A7="","",H7*Painotukset!B5+I7*Painotukset!B6+J7*Painotukset!B7+K7*Painotukset!B8+L7*Painotukset!B9) -> 44.173445 | N7: =IF(A7="","",IF(M7=MAX($M$5:$M$14),"SUOSITUS",""))
A8: =IF(Reittivaihtoehdot!A8="","",Reittivaihtoehdot!A8) -> R4 | B8: =IF(Reittivaihtoehdot!A8="","",Reittivaihtoehdot!B8) -> Jaetaan kahteen autoon | C8: =IF(Reittivaihtoehdot!A8="","",Reittivaihtoehdot!C8) -> 410 | D8: =IF(Reittivaihtoehdot!A8="","",Reittivaihtoehdot!D8) -> 5.5 | E8: =IF(Reittivaihtoehdot!A8="","",IF(Reittivaihtoehdot!H8=0,0,Reittivaihtoehdot!G8/Reittivaihtoehdot!H8)) -> 0.27272727 | F8: =IF(Reittivaihtoehdot!A8="","",Reittivaihtoehdot!I8) -> 0.1 | G8: =IF(Reittivaihtoehdot!A8="","",Reittivaihtoehdot!J8) -> 2 | H8: =IF(A8="","",MAX(0,MIN(100,100*(1-(C8-Painotukset!D5)/(Painotukset!E5-Painotukset!D5))))) -> 64.444444 | I8: =IF(A8="","",MAX(0,MIN(100,100*(1-(D8-Painotukset!D6)/(Painotukset!E6-Painotukset!D6))))) -> 58.333333 | J8: =IF(A8="","",MAX(0,MIN(100,IF(E8<=Painotukset!E7,100*(E8/Painotukset!E7),100*(1-(E8-Painotukset!E7)/(1-Painotukset!E7)))))) -> 28.708134 | K8: =IF(A8="","",MAX(0,MIN(100,100*((F8-Painotukset!D8)/(Painotukset!E8-Painotukset!D8))))) -> 0 | L8: =IF(A8="","",MAX(0,MIN(100,100*(1-(G8-Painotukset!D9)/(Painotukset!E9-Painotukset!D9))))) -> 75 | M8: =IF(A8="","",H8*Painotukset!B5+I8*Painotukset!B6+J8*Painotukset!B7+K8*Painotukset!B8+L8*Painotukset!B9) -> 45.677033 | N8: =IF(A8="","",IF(M8=MAX($M$5:$M$14),"SUOSITUS",""))
A9: =IF(Reittivaihtoehdot!A9="","",Reittivaihtoehdot!A9) -> R5 | B9: =IF(Reittivaihtoehdot!A9="","",Reittivaihtoehdot!B9) -> Vantaa → Turku → Tampere → Pori | C9: =IF(Reittivaihtoehdot!A9="","",Reittivaihtoehdot!C9) -> 455 | D9: =IF(Reittivaihtoehdot!A9="","",Reittivaihtoehdot!D9) -> 6.1 | E9: =IF(Reittivaihtoehdot!A9="","",IF(Reittivaihtoehdot!H9=0,0,Reittivaihtoehdot!G9/Reittivaihtoehdot!H9)) -> 0.72727273 | F9: =IF(Reittivaihtoehdot!A9="","",Reittivaihtoehdot!I9) -> 0.17 | G9: =IF(Reittivaihtoehdot!A9="","",Reittivaihtoehdot!J9) -> 4 | H9: =IF(A9="","",MAX(0,MIN(100,100*(1-(C9-Painotukset!D5)/(Painotukset!E5-Painotukset!D5))))) -> 54.444444 | I9: =IF(A9="","",MAX(0,MIN(100,100*(1-(D9-Painotukset!D6)/(Painotukset!E6-Painotukset!D6))))) -> 48.333333 | J9: =IF(A9="","",MAX(0,MIN(100,IF(E9<=Painotukset!E7,100*(E9/Painotukset!E7),100*(1-(E9-Painotukset!E7)/(1-Painotukset!E7)))))) -> 76.555024 | K9: =IF(A9="","",MAX(0,MIN(100,100*((F9-Painotukset!D8)/(Painotukset!E8-Painotukset!D8))))) -> 58.333333 | L9: =IF(A9="","",MAX(0,MIN(100,100*(1-(G9-Painotukset!D9)/(Painotukset!E9-Painotukset!D9))))) -> 50 | M9: =IF(A9="","",H9*Painotukset!B5+I9*Painotukset!B6+J9*Painotukset!B7+K9*Painotukset!B8+L9*Painotukset!B9) -> 58.888756 | N9: =IF(A9="","",IF(M9=MAX($M$5:$M$14),"SUOSITUS",""))
A10: =IF(Reittivaihtoehdot!A10="","",Reittivaihtoehdot!A10) | B10: =IF(Reittivaihtoehdot!A10="","",Reittivaihtoehdot!B10) | C10: =IF(Reittivaihtoehdot!A10="","",Reittivaihtoehdot!C10) | D10: =IF(Reittivaihtoehdot!A10="","",Reittivaihtoehdot!D10) | E10: =IF(Reittivaihtoehdot!A10="","",IF(Reittivaihtoehdot!H10=0,0,Reittivaihtoehdot!G10/Reittivaihtoehdot!H10)) | F10: =IF(Reittivaihtoehdot!A10="","",Reittivaihtoehdot!I10) | G10: =IF(Reittivaihtoehdot!A10="","",Reittivaihtoehdot!J10) | H10: =IF(A10="","",MAX(0,MIN(100,100*(1-(C10-Painotukset!D5)/(Painotukset!E5-Painotukset!D5))))) | I10: =IF(A10="","",MAX(0,MIN(100,100*(1-(D10-Painotukset!D6)/(Painotukset!E6-Painotukset!D6))))) | J10: =IF(A10="","",MAX(0,MIN(100,IF(E10<=Painotukset!E7,100*(E10/Painotukset!E7),100*(1-(E10-Painotukset!E7)/(1-Painotukset!E7)))))) | K10: =IF(A10="","",MAX(0,MIN(100,100*((F10-Painotukset!D8)/(Painotukset!E8-Painotukset!D8))))) | L10: =IF(A10="","",MAX(0,MIN(100,100*(1-(G10-Painotukset!D9)/(Painotukset!E9-Painotukset!D9))))) | M10: =IF(A10="","",H10*Painotukset!B5+I10*Painotukset!B6+J10*Painotukset!B7+K10*Painotukset!B8+L10*Painotukset!B9) | N10: =IF(A10="","",IF(M10=MAX($M$5:$M$14),"SUOSITUS",""))
A11: =IF(Reittivaihtoehdot!A11="","",Reittivaihtoehdot!A11) | B11: =IF(Reittivaihtoehdot!A11="","",Reittivaihtoehdot!B11) | C11: =IF(Reittivaihtoehdot!A11="","",Reittivaihtoehdot!C11) | D11: =IF(Reittivaihtoehdot!A11="","",Reittivaihtoehdot!D11) | E11: =IF(Reittivaihtoehdot!A11="","",IF(Reittivaihtoehdot!H11=0,0,Reittivaihtoehdot!G11/Reittivaihtoehdot!H11)) | F11: =IF(Reittivaihtoehdot!A11="","",Reittivaihtoehdot!I11) | G11: =IF(Reittivaihtoehdot!A11="","",Reittivaihtoehdot!J11) | H11: =IF(A11="","",MAX(0,MIN(100,100*(1-(C11-Painotukset!D5)/(Painotukset!E5-Painotukset!D5))))) | I11: =IF(A11="","",MAX(0,MIN(100,100*(1-(D11-Painotukset!D6)/(Painotukset!E6-Painotukset!D6))))) | J11: =IF(A11="","",MAX(0,MIN(100,IF(E11<=Painotukset!E7,100*(E11/Painotukset!E7),100*(1-(E11-Painotukset!E7)/(1-Painotukset!E7)))))) | K11: =IF(A11="","",MAX(0,MIN(100,100*((F11-Painotukset!D8)/(Painotukset!E8-Painotukset!D8))))) | L11: =IF(A11="","",MAX(0,MIN(100,100*(1-(G11-Painotukset!D9)/(Painotukset!E9-Painotukset!D9))))) | M11: =IF(A11="","",H11*Painotukset!B5+I11*Painotukset!B6+J11*Painotukset!B7+K11*Painotukset!B8+L11*Painotukset!B9) | N11: =IF(A11="","",IF(M11=MAX($M$5:$M$14),"SUOSITUS",""))
A12: =IF(Reittivaihtoehdot!A12="","",Reittivaihtoehdot!A12) | B12: =IF(Reittivaihtoehdot!A12="","",Reittivaihtoehdot!B12) | C12: =IF(Reittivaihtoehdot!A12="","",Reittivaihtoehdot!C12) | D12: =IF(Reittivaihtoehdot!A12="","",Reittivaihtoehdot!D12) | E12: =IF(Reittivaihtoehdot!A12="","",IF(Reittivaihtoehdot!H12=0,0,Reittivaihtoehdot!G12/Reittivaihtoehdot!H12)) | F12: =IF(Reittivaihtoehdot!A12="","",Reittivaihtoehdot!I12) | G12: =IF(Reittivaihtoehdot!A12="","",Reittivaihtoehdot!J12) | H12: =IF(A12="","",MAX(0,MIN(100,100*(1-(C12-Painotukset!D5)/(Painotukset!E5-Painotukset!D5))))) | I12: =IF(A12="","",MAX(0,MIN(100,100*(1-(D12-Painotukset!D6)/(Painotukset!E6-Painotukset!D6))))) | J12: =IF(A12="","",MAX(0,MIN(100,IF(E12<=Painotukset!E7,100*(E12/Painotukset!E7),100*(1-(E12-Painotukset!E7)/(1-Painotukset!E7)))))) | K12: =IF(A12="","",MAX(0,MIN(100,100*((F12-Painotukset!D8)/(Painotukset!E8-Painotukset!D8))))) | L12: =IF(A12="","",MAX(0,MIN(100,100*(1-(G12-Painotukset!D9)/(Painotukset!E9-Painotukset!D9))))) | M12: =IF(A12="","",H12*Painotukset!B5+I12*Painotukset!B6+J12*Painotukset!B7+K12*Painotukset!B8+L12*Painotukset!B9) | N12: =IF(A12="","",IF(M12=MAX($M$5:$M$14),"SUOSITUS",""))
A13: =IF(Reittivaihtoehdot!A13="","",Reittivaihtoehdot!A13) | B13: =IF(Reittivaihtoehdot!A13="","",Reittivaihtoehdot!B13) | C13: =IF(Reittivaihtoehdot!A13="","",Reittivaihtoehdot!C13) | D13: =IF(Reittivaihtoehdot!A13="","",Reittivaihtoehdot!D13) | E13: =IF(Reittivaihtoehdot!A13="","",IF(Reittivaihtoehdot!H13=0,0,Reittivaihtoehdot!G13/Reittivaihtoehdot!H13)) | F13: =IF(Reittivaihtoehdot!A13="","",Reittivaihtoehdot!I13) | G13: =IF(Reittivaihtoehdot!A13="","",Reittivaihtoehdot!J13) | H13: =IF(A13="","",MAX(0,MIN(100,100*(1-(C13-Painotukset!D5)/(Painotukset!E5-Painotukset!D5))))) | I13: =IF(A13="","",MAX(0,MIN(100,100*(1-(D13-Painotukset!D6)/(Painotukset!E6-Painotukset!D6))))) | J13: =IF(A13="","",MAX(0,MIN(100,IF(E13<=Painotukset!E7,100*(E13/Painotukset!E7),100*(1-(E13-Painotukset!E7)/(1-Painotukset!E7)))))) | K13: =IF(A13="","",MAX(0,MIN(100,100*((F13-Painotukset!D8)/(Painotukset!E8-Painotukset!D8))))) | L13: =IF(A13="","",MAX(0,MIN(100,100*(1-(G13-Painotukset!D9)/(Painotukset!E9-Painotukset!D9))))) | M13: =IF(A13="","",H13*Painotukset!B5+I13*Painotukset!B6+J13*Painotukset!B7+K13*Painotukset!B8+L13*Painotukset!B9) | N13: =IF(A13="","",IF(M13=MAX($M$5:$M$14),"SUOSITUS",""))
A14: =IF(Reittivaihtoehdot!A14="","",Reittivaihtoehdot!A14) | B14: =IF(Reittivaihtoehdot!A14="","",Reittivaihtoehdot!B14) | C14: =IF(Reittivaihtoehdot!A14="","",Reittivaihtoehdot!C14) | D14: =IF(Reittivaihtoehdot!A14="","",Reittivaihtoehdot!D14) | E14: =IF(Reittivaihtoehdot!A14="","",IF(Reittivaihtoehdot!H14=0,0,Reittivaihtoehdot!G14/Reittivaihtoehdot!H14)) | F14: =IF(Reittivaihtoehdot!A14="","",Reittivaihtoehdot!I14) | G14: =IF(Reittivaihtoehdot!A14="","",Reittivaihtoehdot!J14) | H14: =IF(A14="","",MAX(0,MIN(100,100*(1-(C14-Painotukset!D5)/(Painotukset!E5-Painotukset!D5))))) | I14: =IF(A14="","",MAX(0,MIN(100,100*(1-(D14-Painotukset!D6)/(Painotukset!E6-Painotukset!D6))))) | J14: =IF(A14="","",MAX(0,MIN(100,IF(E14<=Painotukset!E7,100*(E14/Painotukset!E7),100*(1-(E14-Painotukset!E7)/(1-Painotukset!E7)))))) | K14: =IF(A14="","",MAX(0,MIN(100,100*((F14-Painotukset!D8)/(Painotukset!E8-Painotukset!D8))))) | L14: =IF(A14="","",MAX(0,MIN(100,100*(1-(G14-Painotukset!D9)/(Painotukset!E9-Painotukset!D9))))) | M14: =IF(A14="","",H14*Painotukset!B5+I14*Painotukset!B6+J14*Painotukset!B7+K14*Painotukset!B8+L14*Painotukset!B9) | N14: =IF(A14="","",IF(M14=MAX($M$5:$M$14),"SUOSITUS",""))
A17: Paras vaihtoehto
A18: Reitti | B18: Pisteet | C18: Km | D18: Ajoaika | E18: Täyttöaste | F18: Kate % | G18: Riskitaso | H18: Päätös | I18: Perustelu | J18: Portfolio-huomio
A19: =INDEX(B5:B14,MATCH(MAX(M5:M14),M5:M14,0)) -> Vantaa → Tampere → Pori | B19: =MAX(M5:M14) -> 76.1874 | C19: =INDEX(C5:C14,MATCH(MAX(M5:M14),M5:M14,0)) -> 290 | D19: =INDEX(D5:D14,MATCH(MAX(M5:M14),M5:M14,0)) -> 3.9 | E19: =INDEX(E5:E14,MATCH(MAX(M5:M14),M5:M14,0)) -> 0.54545455 | F19: =INDEX(F5:F14,MATCH(MAX(M5:M14),M5:M14,0)) -> 0.18 | G19: =IF(INDEX(G5:G14,MATCH(MAX(M5:M14),M5:M14,0))>=5,"Korkea",IF(INDEX(G5:G14,MATCH(MAX(M5:M14),M5:M14,0))>=3,"Keskitaso","Matala")) -> Matala | H19: =IF(B19>=75,"Aja tällä vaihtoehdolla",IF(B19>=60,"Tarkista manuaalisesti","Ei suositella")) -> Aja tällä vaihtoehdolla | I19: =_xludf.TEXTJOIN(", ",TRUE,IF(D19<=4.5,"ei taukopakkoa","tauko huomioitava"),IF(E19>=0.85,"hyvä täyttöaste","täyttöaste tarkistettava"),IF(F19>=0.15,"kate ok","kate matala")) -> #NAME? | J19: Sääntöpohjainen AI-score-malli

Sheet Kuormaoptimointi
A1: Kuormaoptimointi
A2: Laskee vain suositeltuun reittiin kuuluvat lähetykset.
A4: Lähetys | B4: Mukana suosituksessa? | C4: Toimitus | D4: Lavapaikat | E4: Paino kg | F4: Lämpö min | G4: Lämpö max | H4: ADR? | I4: Purkujärjestys | J4: Sijoitus | K4: Sopii kuormaan? | L4: Riski | M4: Huomio
A5: =IF(Lähetykset!A5="","",Lähetykset!A5) -> A | B5: =IF(A5="","",IF(ISNUMBER(SEARCH(A5,INDEX(Reittivaihtoehdot!K:K,MATCH(INDEX(Optimointi!A5:A14,MATCH(MAX(Optimointi!M5:M14),Optimointi!M5:M14,0)),Reittivaihtoehdot!A:A,0)))),"Kyllä","Ei")) -> Kyllä | C5: =IF(A5="","",Lähetykset!C5) -> Tampere | D5: =IF(A5="","",Lähetykset!D5) -> 8 | E5: =IF(A5="","",Lähetykset!E5) -> 2500 | F5: =IF(OR(A5="",Lähetykset!F5=""),"",Lähetykset!F5) -> 2 | G5: =IF(OR(A5="",Lähetykset!G5=""),"",Lähetykset!G5) -> 6 | H5: =IF(A5="","",Lähetykset!H5) -> Ei | I5: =IF(A5="","",COUNTIF($B$5:B5,"Kyllä")) -> 1 | J5: =IF(B5<>"Kyllä","",IF(I5=1,"Perä",IF(I5=2,"Keskiosa","Keula"))) -> Perä | K5: =IF(B5<>"Kyllä","",IF(SUMIF($B$5:$B$14,"Kyllä",$D$5:$D$14)>33,"Ei mahdu",IF(SUMIF($B$5:$B$14,"Kyllä",$E$5:$E$14)>24000,"Paino yli","OK"))) -> OK | L5: =IF(B5<>"Kyllä","",IF(H5="Kyllä","ADR",IF(AND(F5<>"",G5<>""),"Thermo","Normaali"))) -> Thermo | M5: =IF(B5<>"Kyllä","",IF(K5<>"OK","Tarkista kapasiteetti",IF(L5="ADR","ADR-lisä",IF(L5="Thermo","Thermolisä","")))) -> Thermolisä
A6: =IF(Lähetykset!A6="","",Lähetykset!A6) -> B | B6: =IF(A6="","",IF(ISNUMBER(SEARCH(A6,INDEX(Reittivaihtoehdot!K:K,MATCH(INDEX(Optimointi!A5:A14,MATCH(MAX(Optimointi!M5:M14),Optimointi!M5:M14,0)),Reittivaihtoehdot!A:A,0)))),"Kyllä","Ei")) -> Kyllä | C6: =IF(A6="","",Lähetykset!C6) -> Pori | D6: =IF(A6="","",Lähetykset!D6) -> 10 | E6: =IF(A6="","",Lähetykset!E6) -> 3200 | F6: =IF(OR(A6="",Lähetykset!F6=""),"",Lähetykset!F6) -> 2 | G6: =IF(OR(A6="",Lähetykset!G6=""),"",Lähetykset!G6) -> 6 | H6: =IF(A6="","",Lähetykset!H6) -> Ei | I6: =IF(A6="","",COUNTIF($B$5:B6,"Kyllä")) -> 2 | J6: =IF(B6<>"Kyllä","",IF(I6=1,"Perä",IF(I6=2,"Keskiosa","Keula"))) -> Keskiosa | K6: =IF(B6<>"Kyllä","",IF(SUMIF($B$5:$B$14,"Kyllä",$D$5:$D$14)>33,"Ei mahdu",IF(SUMIF($B$5:$B$14,"Kyllä",$E$5:$E$14)>24000,"Paino yli","OK"))) -> OK | L6: =IF(B6<>"Kyllä","",IF(H6="Kyllä","ADR",IF(AND(F6<>"",G6<>""),"Thermo","Normaali"))) -> Thermo | M6: =IF(B6<>"Kyllä","",IF(K6<>"OK","Tarkista kapasiteetti",IF(L6="ADR","ADR-lisä",IF(L6="Thermo","Thermolisä","")))) -> Thermolisä
A7: =IF(Lähetykset!A7="","",Lähetykset!A7) -> C | B7: =IF(A7="","",IF(ISNUMBER(SEARCH(A7,INDEX(Reittivaihtoehdot!K:K,MATCH(INDEX(Optimointi!A5:A14,MATCH(MAX(Optimointi!M5:M14),Optimointi!M5:M14,0)),Reittivaihtoehdot!A:A,0)))),"Kyllä","Ei")) -> Ei | C7: =IF(A7="","",Lähetykset!C7) -> Oulu | D7: =IF(A7="","",Lähetykset!D7) -> 12 | E7: =IF(A7="","",Lähetykset!E7) -> 5000 | F7: =IF(OR(A7="",Lähetykset!F7=""),"",Lähetykset!F7) | G7: =IF(OR(A7="",Lähetykset!G7=""),"",Lähetykset!G7) | H7: =IF(A7="","",Lähetykset!H7) -> Ei | I7: =IF(A7="","",COUNTIF($B$5:B7,"Kyllä")) -> 2 | J7: =IF(B7<>"Kyllä","",IF(I7=1,"Perä",IF(I7=2,"Keskiosa","Keula"))) | K7: =IF(B7<>"Kyllä","",IF(SUMIF($B$5:$B$14,"Kyllä",$D$5:$D$14)>33,"Ei mahdu",IF(SUMIF($B$5:$B$14,"Kyllä",$E$5:$E$14)>24000,"Paino yli","OK"))) | L7: =IF(B7<>"Kyllä","",IF(H7="Kyllä","ADR",IF(AND(F7<>"",G7<>""),"Thermo","Normaali"))) | M7: =IF(B7<>"Kyllä","",IF(K7<>"OK","Tarkista kapasiteetti",IF(L7="ADR","ADR-lisä",IF(L7="Thermo","Thermolisä",""))))
A8: =IF(Lähetykset!A8="","",Lähetykset!A8) -> D | B8: =IF(A8="","",IF(ISNUMBER(SEARCH(A8,INDEX(Reittivaihtoehdot!K:K,MATCH(INDEX(Optimointi!A5:A14,MATCH(MAX(Optimointi!M5:M14),Optimointi!M5:M14,0)),Reittivaihtoehdot!A:A,0)))),"Kyllä","Ei")) -> Ei | C8: =IF(A8="","",Lähetykset!C8) -> Turku | D8: =IF(A8="","",Lähetykset!D8) -> 6 | E8: =IF(A8="","",Lähetykset!E8) -> 1800 | F8: =IF(OR(A8="",Lähetykset!F8=""),"",Lähetykset!F8) | G8: =IF(OR(A8="",Lähetykset!G8=""),"",Lähetykset!G8) | H8: =IF(A8="","",Lähetykset!H8) -> Kyllä | I8: =IF(A8="","",COUNTIF($B$5:B8,"Kyllä")) -> 2 | J8: =IF(B8<>"Kyllä","",IF(I8=1,"Perä",IF(I8=2,"Keskiosa","Keula"))) | K8: =IF(B8<>"Kyllä","",IF(SUMIF($B$5:$B$14,"Kyllä",$D$5:$D$14)>33,"Ei mahdu",IF(SUMIF($B$5:$B$14,"Kyllä",$E$5:$E$14)>24000,"Paino yli","OK"))) | L8: =IF(B8<>"Kyllä","",IF(H8="Kyllä","ADR",IF(AND(F8<>"",G8<>""),"Thermo","Normaali"))) | M8: =IF(B8<>"Kyllä","",IF(K8<>"OK","Tarkista kapasiteetti",IF(L8="ADR","ADR-lisä",IF(L8="Thermo","Thermolisä",""))))
A9: =IF(Lähetykset!A9="","",Lähetykset!A9) | B9: =IF(A9="","",IF(ISNUMBER(SEARCH(A9,INDEX(Reittivaihtoehdot!K:K,MATCH(INDEX(Optimointi!A5:A14,MATCH(MAX(Optimointi!M5:M14),Optimointi!M5:M14,0)),Reittivaihtoehdot!A:A,0)))),"Kyllä","Ei")) | C9: =IF(A9="","",Lähetykset!C9) | D9: =IF(A9="","",Lähetykset!D9) | E9: =IF(A9="","",Lähetykset!E9) | F9: =IF(OR(A9="",Lähetykset!F9=""),"",Lähetykset!F9) | G9: =IF(OR(A9="",Lähetykset!G9=""),"",Lähetykset!G9) | H9: =IF(A9="","",Lähetykset!H9) | I9: =IF(A9="","",COUNTIF($B$5:B9,"Kyllä")) | J9: =IF(B9<>"Kyllä","",IF(I9=1,"Perä",IF(I9=2,"Keskiosa","Keula"))) | K9: =IF(B9<>"Kyllä","",IF(SUMIF($B$5:$B$14,"Kyllä",$D$5:$D$14)>33,"Ei mahdu",IF(SUMIF($B$5:$B$14,"Kyllä",$E$5:$E$14)>24000,"Paino yli","OK"))) | L9: =IF(B9<>"Kyllä","",IF(H9="Kyllä","ADR",IF(AND(F9<>"",G9<>""),"Thermo","Normaali"))) | M9: =IF(B9<>"Kyllä","",IF(K9<>"OK","Tarkista kapasiteetti",IF(L9="ADR","ADR-lisä",IF(L9="Thermo","Thermolisä",""))))
A10: =IF(Lähetykset!A10="","",Lähetykset!A10) | B10: =IF(A10="","",IF(ISNUMBER(SEARCH(A10,INDEX(Reittivaihtoehdot!K:K,MATCH(INDEX(Optimointi!A5:A14,MATCH(MAX(Optimointi!M5:M14),Optimointi!M5:M14,0)),Reittivaihtoehdot!A:A,0)))),"Kyllä","Ei")) | C10: =IF(A10="","",Lähetykset!C10) | D10: =IF(A10="","",Lähetykset!D10) | E10: =IF(A10="","",Lähetykset!E10) | F10: =IF(OR(A10="",Lähetykset!F10=""),"",Lähetykset!F10) | G10: =IF(OR(A10="",Lähetykset!G10=""),"",Lähetykset!G10) | H10: =IF(A10="","",Lähetykset!H10) | I10: =IF(A10="","",COUNTIF($B$5:B10,"Kyllä")) | J10: =IF(B10<>"Kyllä","",IF(I10=1,"Perä",IF(I10=2,"Keskiosa","Keula"))) | K10: =IF(B10<>"Kyllä","",IF(SUMIF($B$5:$B$14,"Kyllä",$D$5:$D$14)>33,"Ei mahdu",IF(SUMIF($B$5:$B$14,"Kyllä",$E$5:$E$14)>24000,"Paino yli","OK"))) | L10: =IF(B10<>"Kyllä","",IF(H10="Kyllä","ADR",IF(AND(F10<>"",G10<>""),"Thermo","Normaali"))) | M10: =IF(B10<>"Kyllä","",IF(K10<>"OK","Tarkista kapasiteetti",IF(L10="ADR","ADR-lisä",IF(L10="Thermo","Thermolisä",""))))
A11: =IF(Lähetykset!A11="","",Lähetykset!A11) | B11: =IF(A11="","",IF(ISNUMBER(SEARCH(A11,INDEX(Reittivaihtoehdot!K:K,MATCH(INDEX(Optimointi!A5:A14,MATCH(MAX(Optimointi!M5:M14),Optimointi!M5:M14,0)),Reittivaihtoehdot!A:A,0)))),"Kyllä","Ei")) | C11: =IF(A11="","",Lähetykset!C11) | D11: =IF(A11="","",Lähetykset!D11) | E11: =IF(A11="","",Lähetykset!E11) | F11: =IF(OR(A11="",Lähetykset!F11=""),"",Lähetykset!F11) | G11: =IF(OR(A11="",Lähetykset!G11=""),"",Lähetykset!G11) | H11: =IF(A11="","",Lähetykset!H11) | I11: =IF(A11="","",COUNTIF($B$5:B11,"Kyllä")) | J11: =IF(B11<>"Kyllä","",IF(I11=1,"Perä",IF(I11=2,"Keskiosa","Keula"))) | K11: =IF(B11<>"Kyllä","",IF(SUMIF($B$5:$B$14,"Kyllä",$D$5:$D$14)>33,"Ei mahdu",IF(SUMIF($B$5:$B$14,"Kyllä",$E$5:$E$14)>24000,"Paino yli","OK"))) | L11: =IF(B11<>"Kyllä","",IF(H11="Kyllä","ADR",IF(AND(F11<>"",G11<>""),"Thermo","Normaali"))) | M11: =IF(B11<>"Kyllä","",IF(K11<>"OK","Tarkista kapasiteetti",IF(L11="ADR","ADR-lisä",IF(L11="Thermo","Thermolisä",""))))
A12: =IF(Lähetykset!A12="","",Lähetykset!A12) | B12: =IF(A12="","",IF(ISNUMBER(SEARCH(A12,INDEX(Reittivaihtoehdot!K:K,MATCH(INDEX(Optimointi!A5:A14,MATCH(MAX(Optimointi!M5:M14),Optimointi!M5:M14,0)),Reittivaihtoehdot!A:A,0)))),"Kyllä","Ei")) | C12: =IF(A12="","",Lähetykset!C12) | D12: =IF(A12="","",Lähetykset!D12) | E12: =IF(A12="","",Lähetykset!E12) | F12: =IF(OR(A12="",Lähetykset!F12=""),"",Lähetykset!F12) | G12: =IF(OR(A12="",Lähetykset!G12=""),"",Lähetykset!G12) | H12: =IF(A12="","",Lähetykset!H12) | I12: =IF(A12="","",COUNTIF($B$5:B12,"Kyllä")) | J12: =IF(B12<>"Kyllä","",IF(I12=1,"Perä",IF(I12=2,"Keskiosa","Keula"))) | K12: =IF(B12<>"Kyllä","",IF(SUMIF($B$5:$B$14,"Kyllä",$D$5:$D$14)>33,"Ei mahdu",IF(SUMIF($B$5:$B$14,"Kyllä",$E$5:$E$14)>24000,"Paino yli","OK"))) | L12: =IF(B12<>"Kyllä","",IF(H12="Kyllä","ADR",IF(AND(F12<>"",G12<>""),"Thermo","Normaali"))) | M12: =IF(B12<>"Kyllä","",IF(K12<>"OK","Tarkista kapasiteetti",IF(L12="ADR","ADR-lisä",IF(L12="Thermo","Thermolisä",""))))
A13: =IF(Lähetykset!A13="","",Lähetykset!A13) | B13: =IF(A13="","",IF(ISNUMBER(SEARCH(A13,INDEX(Reittivaihtoehdot!K:K,MATCH(INDEX(Optimointi!A5:A14,MATCH(MAX(Optimointi!M5:M14),Optimointi!M5:M14,0)),Reittivaihtoehdot!A:A,0)))),"Kyllä","Ei")) | C13: =IF(A13="","",Lähetykset!C13) | D13: =IF(A13="","",Lähetykset!D13) | E13: =IF(A13="","",Lähetykset!E13) | F13: =IF(OR(A13="",Lähetykset!F13=""),"",Lähetykset!F13) | G13: =IF(OR(A13="",Lähetykset!G13=""),"",Lähetykset!G13) | H13: =IF(A13="","",Lähetykset!H13) | I13: =IF(A13="","",COUNTIF($B$5:B13,"Kyllä")) | J13: =IF(B13<>"Kyllä","",IF(I13=1,"Perä",IF(I13=2,"Keskiosa","Keula"))) | K13: =IF(B13<>"Kyllä","",IF(SUMIF($B$5:$B$14,"Kyllä",$D$5:$D$14)>33,"Ei mahdu",IF(SUMIF($B$5:$B$14,"Kyllä",$E$5:$E$14)>24000,"Paino yli","OK"))) | L13: =IF(B13<>"Kyllä","",IF(H13="Kyllä","ADR",IF(AND(F13<>"",G13<>""),"Thermo","Normaali"))) | M13: =IF(B13<>"Kyllä","",IF(K13<>"OK","Tarkista kapasiteetti",IF(L13="ADR","ADR-lisä",IF(L13="Thermo","Thermolisä",""))))
A14: =IF(Lähetykset!A14="","",Lähetykset!A14) | B14: =IF(A14="","",IF(ISNUMBER(SEARCH(A14,INDEX(Reittivaihtoehdot!K:K,MATCH(INDEX(Optimointi!A5:A14,MATCH(MAX(Optimointi!M5:M14),Optimointi!M5:M14,0)),Reittivaihtoehdot!A:A,0)))),"Kyllä","Ei")) | C14: =IF(A14="","",Lähetykset!C14) | D14: =IF(A14="","",Lähetykset!D14) | E14: =IF(A14="","",Lähetykset!E14) | F14: =IF(OR(A14="",Lähetykset!F14=""),"",Lähetykset!F14) | G14: =IF(OR(A14="",Lähetykset!G14=""),"",Lähetykset!G14) | H14: =IF(A14="","",Lähetykset!H14) | I14: =IF(A14="","",COUNTIF($B$5:B14,"Kyllä")) | J14: =IF(B14<>"Kyllä","",IF(I14=1,"Perä",IF(I14=2,"Keskiosa","Keula"))) | K14: =IF(B14<>"Kyllä","",IF(SUMIF($B$5:$B$14,"Kyllä",$D$5:$D$14)>33,"Ei mahdu",IF(SUMIF($B$5:$B$14,"Kyllä",$E$5:$E$14)>24000,"Paino yli","OK"))) | L14: =IF(B14<>"Kyllä","",IF(H14="Kyllä","ADR",IF(AND(F14<>"",G14<>""),"Thermo","Normaali"))) | M14: =IF(B14<>"Kyllä","",IF(K14<>"OK","Tarkista kapasiteetti",IF(L14="ADR","ADR-lisä",IF(L14="Thermo","Thermolisä",""))))
A17: Kuorman yhteenveto
A18: Mittari | B18: Arvo | C18: Raja | D18: Status | E18: Huomio
A19: Lavapaikat yhteensä | B19: =SUMIF($B$5:$B$14,"Kyllä",$D$5:$D$14) -> 18 | C19: 33 | D19: =IF(B19>C19,"Ei mahdu",IF(B19>=29,"Lähes täysi","OK")) -> OK | E19: Vain suosituksen lähetykset
A20: Paino kg yhteensä | B20: =SUMIF($B$5:$B$14,"Kyllä",$E$5:$E$14) -> 5700 | C20: 24000 | D20: =IF(B20>C20,"Paino yli","OK") -> OK | E20: Vain suosituksen lähetykset
A21: Täyttöaste | B21: =B19/C19 -> 0.54545455 | C21: 85–95 % tavoite | D21: =IF(B21<0.7,"Vajaakuorma",IF(B21>0.95,"Liian täysi","Hyvä")) -> Vajaakuorma
A22: ADR-lähetyksiä | B22: =COUNTIFS($B$5:$B$14,"Kyllä",$H$5:$H$14,"Kyllä") -> 0 | D22: =IF(B22>0,"ADR-lisä","OK") -> OK
A23: Thermo-lähetyksiä | B23: =COUNTIFS($B$5:$B$14,"Kyllä",$L$5:$L$14,"Thermo") -> 2 | D23: =IF(B23>0,"Thermolisä","OK") -> Thermolisä

Sheet Trailer Layout
A1: Trailer Layout
A2: Visuaalinen 33 lavapaikan trailerin kuormatila.
A4: Ovi/perä | B4: 1 | C4: 2 | D4: 3 | E4: 4 | F4: 5 | G4: 6 | H4: 7 | I4: 8 | J4: 9 | K4: 10 | L4: 11 | M4: Keula | N4: Huomio
A5: Rivi A | B5: A Tampere | C5: A Tampere | D5: A Tampere | E5: A Tampere | F5: B Pori | G5: B Pori | H5: B Pori | I5: B Pori | J5: B Pori | K5: B Pori | M5: Keula | N5: A puretaan ensin, B viimeisenä
A6: Rivi B | B6: A Tampere | C6: A Tampere | D6: A Tampere | E6: A Tampere | F6: B Pori | G6: B Pori | H6: B Pori | I6: B Pori | M6: Keula
A7: Rivi C | M7: Keula
A10: Kuorman yhteenveto
A11: Mittari | B11: Arvo | C11: Raja | D11: Status | E11: Huomio
A12: Lavapaikat | B12: =Kuormaoptimointi!B19 -> 18 | C12: 33 | D12: =Kuormaoptimointi!D19 -> OK
A13: Paino kg | B13: =Kuormaoptimointi!B20 -> 5700 | C13: 24000 | D13: =Kuormaoptimointi!D20 -> OK
A14: Täyttöaste | B14: =Kuormaoptimointi!B21 -> 0.54545455 | C14: 85–95 % | D14: =Kuormaoptimointi!D21 -> Vajaakuorma
A15: Purkulogiikka | B15: Perä → keula | D15: OK | E15: Ensimmäinen purku perään

Sheet ETA
A1: ETA-laskenta
A2: Arvioitu saapumisaika: lähtö + ajoaika + tauot + lastaus/purku + viiveet.
A4: Keikka | B4: Reitti | C4: Lähtöaika | D4: Ajoaika h | E4: Tauko min | F4: Lastaus min | G4: Purku min | H4: Viive min | I4: ETA suunniteltu | J4: Deadline | K4: ETA status | L4: Myöhässä min | M4: Riskitaso | N4: Huomio
A5: K-001 | B5: Vantaa → Tampere → Pori | C5: 46147.25 | D5: 3.9 | E5: 0 | F5: 45 | G5: 45 | H5: 15 | I5: =IF(A5="","",C5+D5/24+SUM(E5:H5)/1440) -> 46147.485 | J5: 46147.5 | K5: =IF(A5="","",IF(I5<=J5,"Ajoissa","Myöhässä")) -> Ajoissa | L5: =IF(A5="","",MAX(0,(I5-J5)*1440)) -> 0 | M5: =IF(A5="","",IF(L5>60,"Korkea",IF(L5>15,"Keskitaso","Matala"))) -> Matala
A6: K-002 | B6: Vantaa → Oulu | C6: 46147.25 | D6: 8 | E6: 45 | F6: 45 | G6: 45 | H6: 30 | I6: =IF(A6="","",C6+D6/24+SUM(E6:H6)/1440) -> 46147.698 | J6: 46147.708 | K6: =IF(A6="","",IF(I6<=J6,"Ajoissa","Myöhässä")) -> Ajoissa | L6: =IF(A6="","",MAX(0,(I6-J6)*1440)) -> 0 | M6: =IF(A6="","",IF(L6>60,"Korkea",IF(L6>15,"Keskitaso","Matala"))) -> Matala
A7: K-003 | B7: Vantaa → Hollanti | C7: 46147.25 | D7: 7.1 | E7: 45 | F7: 60 | G7: 60 | H7: 90 | I7: =IF(A7="","",C7+D7/24+SUM(E7:H7)/1440) -> 46147.723 | J7: 46147.771 | K7: =IF(A7="","",IF(I7<=J7,"Ajoissa","Myöhässä")) -> Ajoissa | L7: =IF(A7="","",MAX(0,(I7-J7)*1440)) -> 0 | M7: =IF(A7="","",IF(L7>60,"Korkea",IF(L7>15,"Keskitaso","Matala"))) -> Matala
I8: =IF(A8="","",C8+D8/24+SUM(E8:H8)/1440) | K8: =IF(A8="","",IF(I8<=J8,"Ajoissa","Myöhässä")) | L8: =IF(A8="","",MAX(0,(I8-J8)*1440)) | M8: =IF(A8="","",IF(L8>60,"Korkea",IF(L8>15,"Keskitaso","Matala")))
I9: =IF(A9="","",C9+D9/24+SUM(E9:H9)/1440) | K9: =IF(A9="","",IF(I9<=J9,"Ajoissa","Myöhässä")) | L9: =IF(A9="","",MAX(0,(I9-J9)*1440)) | M9: =IF(A9="","",IF(L9>60,"Korkea",IF(L9>15,"Keskitaso","Matala")))
I10: =IF(A10="","",C10+D10/24+SUM(E10:H10)/1440) | K10: =IF(A10="","",IF(I10<=J10,"Ajoissa","Myöhässä")) | L10: =IF(A10="","",MAX(0,(I10-J10)*1440)) | M10: =IF(A10="","",IF(L10>60,"Korkea",IF(L10>15,"Keskitaso","Matala")))
I11: =IF(A11="","",C11+D11/24+SUM(E11:H11)/1440) | K11: =IF(A11="","",IF(I11<=J11,"Ajoissa","Myöhässä")) | L11: =IF(A11="","",MAX(0,(I11-J11)*1440)) | M11: =IF(A11="","",IF(L11>60,"Korkea",IF(L11>15,"Keskitaso","Matala")))
I12: =IF(A12="","",C12+D12/24+SUM(E12:H12)/1440) | K12: =IF(A12="","",IF(I12<=J12,"Ajoissa","Myöhässä")) | L12: =IF(A12="","",MAX(0,(I12-J12)*1440)) | M12: =IF(A12="","",IF(L12>60,"Korkea",IF(L12>15,"Keskitaso","Matala")))
I13: =IF(A13="","",C13+D13/24+SUM(E13:H13)/1440) | K13: =IF(A13="","",IF(I13<=J13,"Ajoissa","Myöhässä")) | L13: =IF(A13="","",MAX(0,(I13-J13)*1440)) | M13: =IF(A13="","",IF(L13>60,"Korkea",IF(L13>15,"Keskitaso","Matala")))
I14: =IF(A14="","",C14+D14/24+SUM(E14:H14)/1440) | K14: =IF(A14="","",IF(I14<=J14,"Ajoissa","Myöhässä")) | L14: =IF(A14="","",MAX(0,(I14-J14)*1440)) | M14: =IF(A14="","",IF(L14>60,"Korkea",IF(L14>15,"Keskitaso","Matala")))
I15: =IF(A15="","",C15+D15/24+SUM(E15:H15)/1440) | K15: =IF(A15="","",IF(I15<=J15,"Ajoissa","Myöhässä")) | L15: =IF(A15="","",MAX(0,(I15-J15)*1440)) | M15: =IF(A15="","",IF(L15>60,"Korkea",IF(L15>15,"Keskitaso","Matala")))
I16: =IF(A16="","",C16+D16/24+SUM(E16:H16)/1440) | K16: =IF(A16="","",IF(I16<=J16,"Ajoissa","Myöhässä")) | L16: =IF(A16="","",MAX(0,(I16-J16)*1440)) | M16: =IF(A16="","",IF(L16>60,"Korkea",IF(L16>15,"Keskitaso","Matala")))
I17: =IF(A17="","",C17+D17/24+SUM(E17:H17)/1440) | K17: =IF(A17="","",IF(I17<=J17,"Ajoissa","Myöhässä")) | L17: =IF(A17="","",MAX(0,(I17-J17)*1440)) | M17: =IF(A17="","",IF(L17>60,"Korkea",IF(L17>15,"Keskitaso","Matala")))
I18: =IF(A18="","",C18+D18/24+SUM(E18:H18)/1440) | K18: =IF(A18="","",IF(I18<=J18,"Ajoissa","Myöhässä")) | L18: =IF(A18="","",MAX(0,(I18-J18)*1440)) | M18: =IF(A18="","",IF(L18>60,"Korkea",IF(L18>15,"Keskitaso","Matala")))
I19: =IF(A19="","",C19+D19/24+SUM(E19:H19)/1440) | K19: =IF(A19="","",IF(I19<=J19,"Ajoissa","Myöhässä")) | L19: =IF(A19="","",MAX(0,(I19-J19)*1440)) | M19: =IF(A19="","",IF(L19>60,"Korkea",IF(L19>15,"Keskitaso","Matala")))
... I40: =IF(A40="","",C40+D40/24+SUM(E40:H40)/1440) | K40: =IF(A40="","",IF(I40<=J40,"Ajoissa","Myöhässä")) | L40: =IF(A40="","",MAX(0,(I40-J40)*1440)) | M40: =IF(A40="","",IF(L40>60,"Korkea",IF(L40>15,"Keskitaso","Matala")))

Sheet Riskit
A1: Riskivaroitukset
A2: Automaattiset punainen/keltainen/OK-varoitukset.
A4: Keikka | B4: Reitti | C4: Ajoaika h | D4: Täyttöaste | E4: Kate % | F4: Empty % | G4: ETA status | H4: Riskipisteet | I4: Ajo varoitus | J4: Täyttö varoitus | K4: Kate varoitus | L4: Empty varoitus | M4: Kokonaisstatus | N4: Toimenpide
A5: K-001 | B5: Vantaa → Tampere → Pori | C5: 3.9 | D5: 0.55 | E5: 0.18 | F5: 0.12 | G5: Ajoissa | H5: 2 | I5: =IF(A5="","",IF(C5>10,"Punainen",IF(C5>9,"Keltainen","OK"))) -> OK | J5: =IF(A5="","",IF(D5<0.7,"Keltainen",IF(D5>0.95,"Keltainen","OK"))) -> Keltainen | K5: =IF(A5="","",IF(E5<0.12,"Punainen",IF(E5<0.15,"Keltainen","OK"))) -> OK | L5: =IF(A5="","",IF(F5>0.18,"Punainen",IF(F5>0.15,"Keltainen","OK"))) -> OK | M5: =IF(A5="","",IF(OR(I5="Punainen",K5="Punainen",L5="Punainen",G5="Myöhässä",H5>=6),"Punainen",IF(OR(I5="Keltainen",J5="Keltainen",K5="Keltainen",L5="Keltainen"),"Keltainen","OK"))) -> Keltainen | N5: =IF(A5="","",IF(M5="Punainen","Tarkista ennen ajoon vapautusta",IF(M5="Keltainen","Seuraa / varmista","OK"))) -> Seuraa / varmista
A6: K-002 | B6: Vantaa → Oulu | C6: 8 | D6: 0.91 | E6: 0.16 | F6: 0.19 | G6: Ajoissa | H6: 4 | I6: =IF(A6="","",IF(C6>10,"Punainen",IF(C6>9,"Keltainen","OK"))) -> OK | J6: =IF(A6="","",IF(D6<0.7,"Keltainen",IF(D6>0.95,"Keltainen","OK"))) -> OK | K6: =IF(A6="","",IF(E6<0.12,"Punainen",IF(E6<0.15,"Keltainen","OK"))) -> OK | L6: =IF(A6="","",IF(F6>0.18,"Punainen",IF(F6>0.15,"Keltainen","OK"))) -> Punainen | M6: =IF(A6="","",IF(OR(I6="Punainen",K6="Punainen",L6="Punainen",G6="Myöhässä",H6>=6),"Punainen",IF(OR(I6="Keltainen",J6="Keltainen",K6="Keltainen",L6="Keltainen"),"Keltainen","OK"))) -> Punainen | N6: =IF(A6="","",IF(M6="Punainen","Tarkista ennen ajoon vapautusta",IF(M6="Keltainen","Seuraa / varmista","OK"))) -> Tarkista ennen ajoon vapautusta
A7: K-003 | B7: Vantaa → Hollanti | C7: 10.5 | D7: 0.72 | E7: 0.11 | F7: 0.22 | G7: Myöhässä | H7: 6 | I7: =IF(A7="","",IF(C7>10,"Punainen",IF(C7>9,"Keltainen","OK"))) -> Punainen | J7: =IF(A7="","",IF(D7<0.7,"Keltainen",IF(D7>0.95,"Keltainen","OK"))) -> OK | K7: =IF(A7="","",IF(E7<0.12,"Punainen",IF(E7<0.15,"Keltainen","OK"))) -> Punainen | L7: =IF(A7="","",IF(F7>0.18,"Punainen",IF(F7>0.15,"Keltainen","OK"))) -> Punainen | M7: =IF(A7="","",IF(OR(I7="Punainen",K7="Punainen",L7="Punainen",G7="Myöhässä",H7>=6),"Punainen",IF(OR(I7="Keltainen",J7="Keltainen",K7="Keltainen",L7="Keltainen"),"Keltainen","OK"))) -> Punainen | N7: =IF(A7="","",IF(M7="Punainen","Tarkista ennen ajoon vapautusta",IF(M7="Keltainen","Seuraa / varmista","OK"))) -> Tarkista ennen ajoon vapautusta
I8: =IF(A8="","",IF(C8>10,"Punainen",IF(C8>9,"Keltainen","OK"))) | J8: =IF(A8="","",IF(D8<0.7,"Keltainen",IF(D8>0.95,"Keltainen","OK"))) | K8: =IF(A8="","",IF(E8<0.12,"Punainen",IF(E8<0.15,"Keltainen","OK"))) | L8: =IF(A8="","",IF(F8>0.18,"Punainen",IF(F8>0.15,"Keltainen","OK"))) | M8: =IF(A8="","",IF(OR(I8="Punainen",K8="Punainen",L8="Punainen",G8="Myöhässä",H8>=6),"Punainen",IF(OR(I8="Keltainen",J8="Keltainen",K8="Keltainen",L8="Keltainen"),"Keltainen","OK"))) | N8: =IF(A8="","",IF(M8="Punainen","Tarkista ennen ajoon vapautusta",IF(M8="Keltainen","Seuraa / varmista","OK")))
I9: =IF(A9="","",IF(C9>10,"Punainen",IF(C9>9,"Keltainen","OK"))) | J9: =IF(A9="","",IF(D9<0.7,"Keltainen",IF(D9>0.95,"Keltainen","OK"))) | K9: =IF(A9="","",IF(E9<0.12,"Punainen",IF(E9<0.15,"Keltainen","OK"))) | L9: =IF(A9="","",IF(F9>0.18,"Punainen",IF(F9>0.15,"Keltainen","OK"))) | M9: =IF(A9="","",IF(OR(I9="Punainen",K9="Punainen",L9="Punainen",G9="Myöhässä",H9>=6),"Punainen",IF(OR(I9="Keltainen",J9="Keltainen",K9="Keltainen",L9="Keltainen"),"Keltainen","OK"))) | N9: =IF(A9="","",IF(M9="Punainen","Tarkista ennen ajoon vapautusta",IF(M9="Keltainen","Seuraa / varmista","OK")))
I10: =IF(A10="","",IF(C10>10,"Punainen",IF(C10>9,"Keltainen","OK"))) | J10: =IF(A10="","",IF(D10<0.7,"Keltainen",IF(D10>0.95,"Keltainen","OK"))) | K10: =IF(A10="","",IF(E10<0.12,"Punainen",IF(E10<0.15,"Keltainen","OK"))) | L10: =IF(A10="","",IF(F10>0.18,"Punainen",IF(F10>0.15,"Keltainen","OK"))) | M10: =IF(A10="","",IF(OR(I10="Punainen",K10="Punainen",L10="Punainen",G10="Myöhässä",H10>=6),"Punainen",IF(OR(I10="Keltainen",J10="Keltainen",K10="Keltainen",L10="Keltainen"),"Keltainen","OK"))) | N10: =IF(A10="","",IF(M10="Punainen","Tarkista ennen ajoon vapautusta",IF(M10="Keltainen","Seuraa / varmista","OK")))
I11: =IF(A11="","",IF(C11>10,"Punainen",IF(C11>9,"Keltainen","OK"))) | J11: =IF(A11="","",IF(D11<0.7,"Keltainen",IF(D11>0.95,"Keltainen","OK"))) | K11: =IF(A11="","",IF(E11<0.12,"Punainen",IF(E11<0.15,"Keltainen","OK"))) | L11: =IF(A11="","",IF(F11>0.18,"Punainen",IF(F11>0.15,"Keltainen","OK"))) | M11: =IF(A11="","",IF(OR(I11="Punainen",K11="Punainen",L11="Punainen",G11="Myöhässä",H11>=6),"Punainen",IF(OR(I11="Keltainen",J11="Keltainen",K11="Keltainen",L11="Keltainen"),"Keltainen","OK"))) | N11: =IF(A11="","",IF(M11="Punainen","Tarkista ennen ajoon vapautusta",IF(M11="Keltainen","Seuraa / varmista","OK")))
I12: =IF(A12="","",IF(C12>10,"Punainen",IF(C12>9,"Keltainen","OK"))) | J12: =IF(A12="","",IF(D12<0.7,"Keltainen",IF(D12>0.95,"Keltainen","OK"))) | K12: =IF(A12="","",IF(E12<0.12,"Punainen",IF(E12<0.15,"Keltainen","OK"))) | L12: =IF(A12="","",IF(F12>0.18,"Punainen",IF(F12>0.15,"Keltainen","OK"))) | M12: =IF(A12="","",IF(OR(I12="Punainen",K12="Punainen",L12="Punainen",G12="Myöhässä",H12>=6),"Punainen",IF(OR(I12="Keltainen",J12="Keltainen",K12="Keltainen",L12="Keltainen"),"Keltainen","OK"))) | N12: =IF(A12="","",IF(M12="Punainen","Tarkista ennen ajoon vapautusta",IF(M12="Keltainen","Seuraa / varmista","OK")))
I13: =IF(A13="","",IF(C13>10,"Punainen",IF(C13>9,"Keltainen","OK"))) | J13: =IF(A13="","",IF(D13<0.7,"Keltainen",IF(D13>0.95,"Keltainen","OK"))) | K13: =IF(A13="","",IF(E13<0.12,"Punainen",IF(E13<0.15,"Keltainen","OK"))) | L13: =IF(A13="","",IF(F13>0.18,"Punainen",IF(F13>0.15,"Keltainen","OK"))) | M13: =IF(A13="","",IF(OR(I13="Punainen",K13="Punainen",L13="Punainen",G13="Myöhässä",H13>=6),"Punainen",IF(OR(I13="Keltainen",J13="Keltainen",K13="Keltainen",L13="Keltainen"),"Keltainen","OK"))) | N13: =IF(A13="","",IF(M13="Punainen","Tarkista ennen ajoon vapautusta",IF(M13="Keltainen","Seuraa / varmista","OK")))
I14: =IF(A14="","",IF(C14>10,"Punainen",IF(C14>9,"Keltainen","OK"))) | J14: =IF(A14="","",IF(D14<0.7,"Keltainen",IF(D14>0.95,"Keltainen","OK"))) | K14: =IF(A14="","",IF(E14<0.12,"Punainen",IF(E14<0.15,"Keltainen","OK"))) | L14: =IF(A14="","",IF(F14>0.18,"Punainen",IF(F14>0.15,"Keltainen","OK"))) | M14: =IF(A14="","",IF(OR(I14="Punainen",K14="Punainen",L14="Punainen",G14="Myöhässä",H14>=6),"Punainen",IF(OR(I14="Keltainen",J14="Keltainen",K14="Keltainen",L14="Keltainen"),"Keltainen","OK"))) | N14: =IF(A14="","",IF(M14="Punainen","Tarkista ennen ajoon vapautusta",IF(M14="Keltainen","Seuraa / varmista","OK")))
I15: =IF(A15="","",IF(C15>10,"Punainen",IF(C15>9,"Keltainen","OK"))) | J15: =IF(A15="","",IF(D15<0.7,"Keltainen",IF(D15>0.95,"Keltainen","OK"))) | K15: =IF(A15="","",IF(E15<0.12,"Punainen",IF(E15<0.15,"Keltainen","OK"))) | L15: =IF(A15="","",IF(F15>0.18,"Punainen",IF(F15>0.15,"Keltainen","OK"))) | M15: =IF(A15="","",IF(OR(I15="Punainen",K15="Punainen",L15="Punainen",G15="Myöhässä",H15>=6),"Punainen",IF(OR(I15="Keltainen",J15="Keltainen",K15="Keltainen",L15="Keltainen"),"Keltainen","OK"))) | N15: =IF(A15="","",IF(M15="Punainen","Tarkista ennen ajoon vapautusta",IF(M15="Keltainen","Seuraa / varmista","OK")))
I16: =IF(A16="","",IF(C16>10,"Punainen",IF(C16>9,"Keltainen","OK"))) | J16: =IF(A16="","",IF(D16<0.7,"Keltainen",IF(D16>0.95,"Keltainen","OK"))) | K16: =IF(A16="","",IF(E16<0.12,"Punainen",IF(E16<0.15,"Keltainen","OK"))) | L16: =IF(A16="","",IF(F16>0.18,"Punainen",IF(F16>0.15,"Keltainen","OK"))) | M16: =IF(A16="","",IF(OR(I16="Punainen",K16="Punainen",L16="Punainen",G16="Myöhässä",H16>=6),"Punainen",IF(OR(I16="Keltainen",J16="Keltainen",K16="Keltainen",L16="Keltainen"),"Keltainen","OK"))) | N16: =IF(A16="","",IF(M16="Punainen","Tarkista ennen ajoon vapautusta",IF(M16="Keltainen","Seuraa / varmista","OK")))
I17: =IF(A17="","",IF(C17>10,"Punainen",IF(C17>9,"Keltainen","OK"))) | J17: =IF(A17="","",IF(D17<0.7,"Keltainen",IF(D17>0.95,"Keltainen","OK"))) | K17: =IF(A17="","",IF(E17<0.12,"Punainen",IF(E17<0.15,"Keltainen","OK"))) | L17: =IF(A17="","",IF(F17>0.18,"Punainen",IF(F17>0.15,"Keltainen","OK"))) | M17: =IF(A17="","",IF(OR(I17="Punainen",K17="Punainen",L17="Punainen",G17="Myöhässä",H17>=6),"Punainen",IF(OR(I17="Keltainen",J17="Keltainen",K17="Keltainen",L17="Keltainen"),"Keltainen","OK"))) | N17: =IF(A17="","",IF(M17="Punainen","Tarkista ennen ajoon vapautusta",IF(M17="Keltainen","Seuraa / varmista","OK")))
I18: =IF(A18="","",IF(C18>10,"Punainen",IF(C18>9,"Keltainen","OK"))) | J18: =IF(A18="","",IF(D18<0.7,"Keltainen",IF(D18>0.95,"Keltainen","OK"))) | K18: =IF(A18="","",IF(E18<0.12,"Punainen",IF(E18<0.15,"Keltainen","OK"))) | L18: =IF(A18="","",IF(F18>0.18,"Punainen",IF(F18>0.15,"Keltainen","OK"))) | M18: =IF(A18="","",IF(OR(I18="Punainen",K18="Punainen",L18="Punainen",G18="Myöhässä",H18>=6),"Punainen",IF(OR(I18="Keltainen",J18="Keltainen",K18="Keltainen",L18="Keltainen"),"Keltainen","OK"))) | N18: =IF(A18="","",IF(M18="Punainen","Tarkista ennen ajoon vapautusta",IF(M18="Keltainen","Seuraa / varmista","OK")))
I19: =IF(A19="","",IF(C19>10,"Punainen",IF(C19>9,"Keltainen","OK"))) | J19: =IF(A19="","",IF(D19<0.7,"Keltainen",IF(D19>0.95,"Keltainen","OK"))) | K19: =IF(A19="","",IF(E19<0.12,"Punainen",IF(E19<0.15,"Keltainen","OK"))) | L19: =IF(A19="","",IF(F19>0.18,"Punainen",IF(F19>0.15,"Keltainen","OK"))) | M19: =IF(A19="","",IF(OR(I19="Punainen",K19="Punainen",L19="Punainen",G19="Myöhässä",H19>=6),"Punainen",IF(OR(I19="Keltainen",J19="Keltainen",K19="Keltainen",L19="Keltainen"),"Keltainen","OK"))) | N19: =IF(A19="","",IF(M19="Punainen","Tarkista ennen ajoon vapautusta",IF(M19="Keltainen","Seuraa / varmista","OK")))
... I40: =IF(A40="","",IF(C40>10,"Punainen",IF(C40>9,"Keltainen","OK"))) | J40: =IF(A40="","",IF(D40<0.7,"Keltainen",IF(D40>0.95,"Keltainen","OK"))) | K40: =IF(A40="","",IF(E40<0.12,"Punainen",IF(E40<0.15,"Keltainen","OK"))) | L40: =IF(A40="","",IF(F40>0.18,"Punainen",IF(F40>0.15,"Keltainen","OK"))) | M40: =IF(A40="","",IF(OR(I40="Punainen",K40="Punainen",L40="Punainen",G40="Myöhässä",H40>=6),"Punainen",IF(OR(I40="Keltainen",J40="Keltainen",K40="Keltainen",L40="Keltainen"),"Keltainen","OK"))) | N40: =IF(A40="","",IF(M40="Punainen","Tarkista ennen ajoon vapautusta",IF(M40="Keltainen","Seuraa / varmista","OK")))

Sheet Kustannukset
A1: Kustannukset ja €/km KPI
A2: Kustannukset, kate, tyhjä ajo ja €/km.
A4: Reitti / tyyppi | B4: Km | C4: Loaded km | D4: Empty km | E4: Myynti € | F4: Kulut € | G4: Kate € | H4: Kate % | I4: Revenue €/km | J4: Empty % | K4: Status | L4: Huomio
A5: Kotimaa pitkä | B5: 680 | C5: 600 | D5: 80 | E5: 1380 | F5: 1120 | G5: =IF(A5="","",E5-F5) -> 260 | H5: =IF(E5=0,"",G5/E5) -> 0.1884058 | I5: =IF(C5=0,"",E5/C5) -> 2.3 | J5: =IF(B5=0,"",D5/B5) -> 0.11764706 | K5: =IF(A5="","",IF(H5<0.12,"Punainen",IF(J5>0.18,"Keltainen","OK"))) -> OK
A6: Thermo | B6: 330 | C6: 290 | D6: 40 | E6: 850 | F6: 680 | G6: =IF(A6="","",E6-F6) -> 170 | H6: =IF(E6=0,"",G6/E6) -> 0.2 | I6: =IF(C6=0,"",E6/C6) -> 2.9310345 | J6: =IF(B6=0,"",D6/B6) -> 0.12121212 | K6: =IF(A6="","",IF(H6<0.12,"Punainen",IF(J6>0.18,"Keltainen","OK"))) -> OK
A7: Manner | B7: 480 | C7: 420 | D7: 60 | E7: 1180 | F7: 980 | G7: =IF(A7="","",E7-F7) -> 200 | H7: =IF(E7=0,"",G7/E7) -> 0.16949153 | I7: =IF(C7=0,"",E7/C7) -> 2.8095238 | J7: =IF(B7=0,"",D7/B7) -> 0.125 | K7: =IF(A7="","",IF(H7<0.12,"Punainen",IF(J7>0.18,"Keltainen","OK"))) -> OK
G8: =IF(A8="","",E8-F8) | H8: =IF(E8=0,"",G8/E8) | I8: =IF(C8=0,"",E8/C8) | J8: =IF(B8=0,"",D8/B8) | K8: =IF(A8="","",IF(H8<0.12,"Punainen",IF(J8>0.18,"Keltainen","OK")))
G9: =IF(A9="","",E9-F9) | H9: =IF(E9=0,"",G9/E9) | I9: =IF(C9=0,"",E9/C9) | J9: =IF(B9=0,"",D9/B9) | K9: =IF(A9="","",IF(H9<0.12,"Punainen",IF(J9>0.18,"Keltainen","OK")))
G10: =IF(A10="","",E10-F10) | H10: =IF(E10=0,"",G10/E10) | I10: =IF(C10=0,"",E10/C10) | J10: =IF(B10=0,"",D10/B10) | K10: =IF(A10="","",IF(H10<0.12,"Punainen",IF(J10>0.18,"Keltainen","OK")))
G11: =IF(A11="","",E11-F11) | H11: =IF(E11=0,"",G11/E11) | I11: =IF(C11=0,"",E11/C11) | J11: =IF(B11=0,"",D11/B11) | K11: =IF(A11="","",IF(H11<0.12,"Punainen",IF(J11>0.18,"Keltainen","OK")))
G12: =IF(A12="","",E12-F12) | H12: =IF(E12=0,"",G12/E12) | I12: =IF(C12=0,"",E12/C12) | J12: =IF(B12=0,"",D12/B12) | K12: =IF(A12="","",IF(H12<0.12,"Punainen",IF(J12>0.18,"Keltainen","OK")))
G13: =IF(A13="","",E13-F13) | H13: =IF(E13=0,"",G13/E13) | I13: =IF(C13=0,"",E13/C13) | J13: =IF(B13=0,"",D13/B13) | K13: =IF(A13="","",IF(H13<0.12,"Punainen",IF(J13>0.18,"Keltainen","OK")))
G14: =IF(A14="","",E14-F14) | H14: =IF(E14=0,"",G14/E14) | I14: =IF(C14=0,"",E14/C14) | J14: =IF(B14=0,"",D14/B14) | K14: =IF(A14="","",IF(H14<0.12,"Punainen",IF(J14>0.18,"Keltainen","OK")))
G15: =IF(A15="","",E15-F15) | H15: =IF(E15=0,"",G15/E15) | I15: =IF(C15=0,"",E15/C15) | J15: =IF(B15=0,"",D15/B15) | K15: =IF(A15="","",IF(H15<0.12,"Punainen",IF(J15>0.18,"Keltainen","OK")))
G16: =IF(A16="","",E16-F16) | H16: =IF(E16=0,"",G16/E16) | I16: =IF(C16=0,"",E16/C16) | J16: =IF(B16=0,"",D16/B16) | K16: =IF(A16="","",IF(H16<0.12,"Punainen",IF(J16>0.18,"Keltainen","OK")))
G17: =IF(A17="","",E17-F17) | H17: =IF(E17=0,"",G17/E17) | I17: =IF(C17=0,"",E17/C17) | J17: =IF(B17=0,"",D17/B17) | K17: =IF(A17="","",IF(H17<0.12,"Punainen",IF(J17>0.18,"Keltainen","OK")))
G18: =IF(A18="","",E18-F18) | H18: =IF(E18=0,"",G18/E18) | I18: =IF(C18=0,"",E18/C18) | J18: =IF(B18=0,"",D18/B18) | K18: =IF(A18="","",IF(H18<0.12,"Punainen",IF(J18>0.18,"Keltainen","OK")))
G19: =IF(A19="","",E19-F19) | H19: =IF(E19=0,"",G19/E19) | I19: =IF(C19=0,"",E19/C19) | J19: =IF(B19=0,"",D19/B19) | K19: =IF(A19="","",IF(H19<0.12,"Punainen",IF(J19>0.18,"Keltainen","OK")))
... G39: =IF(A39="","",E39-F39) | H39: =IF(E39=0,"",G39/E39) | I39: =IF(C39=0,"",E39/C39) | J39: =IF(B39=0,"",D39/B39) | K39: =IF(A39="","",IF(H39<0.12,"Punainen",IF(J39>0.18,"Keltainen","OK")))

Sheet Reittihistoria
A1: Reittihistoria
A2: Historiadata Power BI:tä ja analytiikkaa varten.
A4: Päivä | B4: Asiakas | C4: Reitti | D4: Kalusto | E4: Carrier | F4: Loaded km | G4: Empty km | H4: Myynti € | I4: Kulut € | J4: Kate € | K4: Kate % | L4: On-time? | M4: Poikkeama | N4: Huomio
A5: 46143 | B5: Asiakas A | C5: Vantaa → Tampere | D5: Thermo | E5: Carrier A | F5: 180 | G5: 20 | H5: 520 | I5: 405 | J5: =IF(A5="","",H5-I5) -> 115 | K5: =IF(H5=0,"",J5/H5) -> 0.22115385 | L5: Kyllä
A6: 46144 | B6: Asiakas B | C6: Vantaa → Oulu | D6: Umpikaappi | E6: Carrier B | F6: 600 | G6: 80 | H6: 1380 | I6: 1120 | J6: =IF(A6="","",H6-I6) -> 260 | K6: =IF(H6=0,"",J6/H6) -> 0.1884058 | L6: Kyllä
A7: 46145 | B7: Asiakas C | C7: Turku → Rauma | D7: Pressu | E7: Carrier A | F7: 95 | G7: 15 | H7: 330 | I7: 250 | J7: =IF(A7="","",H7-I7) -> 80 | K7: =IF(H7=0,"",J7/H7) -> 0.24242424 | L7: Ei | M7: Myöhäinen purku
A8: 46146 | B8: Asiakas F | C8: Tampere → Pori | D8: ADR | E8: Carrier C | F8: 110 | G8: 25 | H8: 430 | I8: 330 | J8: =IF(A8="","",H8-I8) -> 100 | K8: =IF(H8=0,"",J8/H8) -> 0.23255814 | L8: Kyllä
J9: =IF(A9="","",H9-I9) | K9: =IF(H9=0,"",J9/H9)
J10: =IF(A10="","",H10-I10) | K10: =IF(H10=0,"",J10/H10)
J11: =IF(A11="","",H11-I11) | K11: =IF(H11=0,"",J11/H11)
J12: =IF(A12="","",H12-I12) | K12: =IF(H12=0,"",J12/H12)
J13: =IF(A13="","",H13-I13) | K13: =IF(H13=0,"",J13/H13)
J14: =IF(A14="","",H14-I14) | K14: =IF(H14=0,"",J14/H14)
J15: =IF(A15="","",H15-I15) | K15: =IF(H15=0,"",J15/H15)
J16: =IF(A16="","",H16-I16) | K16: =IF(H16=0,"",J16/H16)
J17: =IF(A17="","",H17-I17) | K17: =IF(H17=0,"",J17/H17)
J18: =IF(A18="","",H18-I18) | K18: =IF(H18=0,"",J18/H18)
J19: =IF(A19="","",H19-I19) | K19: =IF(H19=0,"",J19/H19)
J20: =IF(A20="","",H20-I20) | K20: =IF(H20=0,"",J20/H20)
... J100: =IF(A100="","",H100-I100) | K100: =IF(H100=0,"",J100/H100)

Sheet Power BI Data
A1: Power BI Data
A2: Kartta- ja analytiikkadata Power BI:tä varten.
A4: Route ID | B4: From | C4: To | D4: From lat | E4: From lon | F4: To lat | G4: To lon | H4: Loaded km | I4: Empty km | J4: Kate % | K4: CO₂ kg | L4: Riskitaso | M4: Power BI visual | N4: Huomio
A5: R1 | B5: Vantaa | C5: Pori | D5: 60.2934 | E5: 25.0378 | F5: 61.4851 | G5: 21.7972 | H5: 290 | I5: 40 | J5: 0.18 | K5: 304.5 | L5: Matala | M5: Map / ArcGIS
A6: R2 | B6: Vantaa | C6: Oulu | D6: 60.2934 | E6: 25.0378 | F6: 65.0121 | G6: 25.4651 | H6: 600 | I6: 80 | J6: 0.16 | K6: 540 | L6: Keskitaso | M6: Map / ArcGIS
A7: R3 | B7: Turku | C7: Rauma | D7: 60.4518 | E7: 22.2666 | F7: 61.1309 | G7: 21.5059 | H7: 95 | I7: 15 | J7: 0.24 | K7: 85.5 | L7: Matala | M7: Map / ArcGIS
A8: R4 | B8: Vantaa | C8: Hollanti | D8: 60.2934 | E8: 25.0378 | F8: 52.1326 | G8: 5.2913 | H8: 590 | I8: 70 | J8: 0.14 | K8: 678.5 | L8: Korkea | M8: Map / ArcGIS | N8: Country-level endpoint

Sheet Dashboard
A1: Logistics Optimizer Dashboard
A2: Portfolio-näkymä: AI-score, kuorma, ETA, riskit, kate ja Power BI -data.
A4: KPI-yhteenveto
A5: KPI | B5: Arvo | C5: Tavoite | D5: Status | E5: KPI | F5: Arvo | G5: Tavoite | H5: Status
A6: Paras reitti | B6: =Optimointi!A19 -> Vantaa → Tampere → Pori | D6: OK | E6: ETA myöhässä | F6: =COUNTIF(ETA!K5:K40,"Myöhässä") -> 0 | G6: 0 | H6: =IF(F6=0,"OK","Tarkista") -> OK
A7: AI score | B7: =Optimointi!B19 -> 76.1874 | C7: >= 75 | D7: =IF(B7>=75,"OK","Tarkista") -> OK | E7: Punaiset riskit | F7: =COUNTIF(Riskit!M5:M40,"Punainen") -> 2 | G7: 0 | H7: =IF(F7=0,"OK","Punainen") -> Punainen
A8: Täyttöaste | B8: =Kuormaoptimointi!B21 -> 0.54545455 | C8: 85–95 % | D8: =Kuormaoptimointi!D21 -> Vajaakuorma | E8: Keskikate | F8: =AVERAGE(Reittihistoria!K5:K8) -> 0.22113551 | G8: >= 15 % | H8: =IF(F8>=0.15,"OK","Tarkista") -> OK
A9: Empty km % | B9: =AVERAGE(Kustannukset!J5:J7) -> 0.12128639 | C9: <= 15 % | D9: =IF(B9<=0.15,"OK","Tarkista") -> OK | E9: Power BI route rows | F9: =COUNTA('Power BI Data'!A5:A100) -> 4 | G9: data | H9: ="OK" -> OK
A10: Reittihistoria | B10: =COUNTA(Reittihistoria!A5:A100) -> 4 | C10: data | D10: OK | E10: Excel status | F10: Ei ulkoisia linkkejä | G10: OK | H10: OK
A13: Projektin vahvimmat näkymät
A14: Näkymä | B14: Tarkoitus | C14: Miksi tärkeä portfolioon | D14: Sivu
A15: AI-optimointi | B15: Reittivaihtoehtojen pisteytys | C15: Näyttää TMS-logiikan | D15: Optimointi
A16: Kuormaoptimointi | B16: Suosituksen kuorma ja kapasiteetti | C16: Näyttää kuljetusosaamisen | D16: Kuormaoptimointi
A17: Trailer Layout | B17: Visuaalinen 33 lavapaikan kuva | C17: Helppo ymmärtää rekrytoijalle | D17: Trailer Layout
A18: Power BI Data | B18: Kartta- ja analytiikkadata | C18: Näyttää BI-valmiuden | D18: Power BI Data

Sheet Ohje
A1: Käyttöohje
A2: Puhdas portfolio-versio ilman Excel Table -rakenteita, pivoteja tai ulkoisia linkkejä.
A4: Vaihe | B4: Mitä teet | C4: Sivu
A5: 1 | B5: Syötä tai muokkaa lähetyksiä. | C5: Lähetykset
A6: 2 | B6: Muokkaa reittivaihtoehtoja ja painotuksia. | C6: Reittivaihtoehdot / Painotukset
A7: 3 | B7: Katso paras reitti ja pisteytys. | C7: Optimointi
A8: 4 | B8: Tarkista kuorma ja trailerin käyttöaste. | C8: Kuormaoptimointi / Trailer Layout
A9: 5 | B9: Tarkista ETA ja riskit. | C9: ETA / Riskit
A10: 6 | B10: Tarkista kustannukset ja historiadata. | C10: Kustannukset / Reittihistoria
A11: 7 | B11: Käytä Power BI Data -sivua BI-raportoinnin lähteenä. | C11: Power BI Data
A12: Huomio | B12: Tässä versiossa ei ole Excelin taulukkorakenteita eikä pivotteja, jotta Excel ei korjaa tiedostoa avattaessa.
A13: Portfolio | B13: Suositellut screenshotit: Dashboard, Optimointi, Trailer Layout, Power BI Data.

Sheet Testiraportti
A1: Testiraportti
A2: Kaava-, linkki- ja status-tarkistus.
A4: Testi | B4: Tarkistus | C4: Odotettu | D4: Tulos | E4: Status | F4: Huomio
A5: Kaavavirheet | B5: Ei Excelin virhekoodeja | C5: 0 | D5: Tarkistettu työkalulla | E5: OK
A6: Painotukset | B6: Painotusten summa = 100 % | C6: 100 % | D6: =Painotukset!B10 -> 1 | E6: =IF(ABS(D6-1)<0.0001,"OK","TARKISTA") -> OK
A7: Suositus | B7: Vain yksi SUOSITUS | C7: 1 | D7: =COUNTIF(Optimointi!N5:N14,"SUOSITUS") -> 1 | E7: =IF(D7=1,"OK","TARKISTA") -> OK
A8: Kuorma | B8: Lavapaikat täsmäävät | C8: 18 | D8: =Kuormaoptimointi!B19 -> 18 | E8: =IF(D8=18,"OK","TARKISTA") -> OK
A9: ETA | B9: ETA-status toimii | C9: Ajoissa | D9: =ETA!K5 -> Ajoissa | E9: =IF(D9="Ajoissa","OK","TARKISTA") -> OK
A10: Riskit | B10: Punaisia riskejä on 2 | C10: 2 | D10: =COUNTIF(Riskit!M5:M40,"Punainen") -> 2 | E10: =IF(D10=2,"OK","TARKISTA") -> OK
A11: Power BI Data | B11: Karttadata sisältää rivejä | C11: >0 | D11: =COUNTA('Power BI Data'!A5:A100) -> 4 | E11: =IF(D11>0,"OK","TARKISTA") -> OK
